8.8.8.8,10.0.0.2,53.0,5344.0,17.0
8.8.8.8,10.0.0.2,53.0,5344.0,17.0
8.8.8.8,10.0.0.2,53.0,5344.0,17.0
8.8.8.8,10.0.0.2,53.0,5344.0,17.0
8.8.8.8,10.0.0.2,53.0,5344.0,17.0
8.8.8.8,10.0.0.2,53.0,5344.0,17.0
8.8.8.8,10.0.0.2,53.0,5344.0,17.0
8.8.8.8,10.0.0.2,53.0,5344.0,17.0
8.8.8.8,10.0.0.2,53.0,5344.0,17.0
8.8.8.8,10.0.0.2,53.0,5344.0,17.0
8.8.8.8,10.0.0.2,53.0,5344.0,17.0
8.8.8.8,10.0.0.2,53.0,5344.0,17.0
8.8.8.8,10.0.0.2,53.0,5344.0,17.0
8.8.8.8,10.0.0.2,53.0,5344.0,17.0
8.8.8.8,10.0.0.2,53.0,5344.0,17.0
8.8.8.8,10.0.0.2,53.0,5344.0,17.0
8.8.8.8,10.0.0.2,53.0,5344.0,17.0
8.8.8.8,10.0.0.2,53.0,5344.0,17.0
8.8.8.8,10.0.0.2,53.0,5344.0,17.0
8.8.8.8,10.0.0.2,53.0,5344.0,17.0
8.8.8.8,10.0.0.2,53.0,5344.0,17.0
8.8.8.8,10.0.0.2,53.0,5344.0,17.0
8.8.8.8,10.0.0.2,53.0,5344.0,17.0
8.8.8.8,10.0.0.2,53.0,5344.0,17.0
8.8.8.8,10.0.0.2,53.0,5344.0,17.0
8.8.8.8,10.0.0.2,53.0,5344.0,17.0
8.8.8.8,10.0.0.2,53.0,5344.0,17.0
8.8.8.8,10.0.0.2,53.0,5344.0,17.0
8.8.8.8,10.0.0.2,53.0,5344.0,17.0
8.8.8.8,10.0.0.2,53.0,5344.0,17.0
8.8.8.8,10.0.0.2,53.0,5344.0,17.0
8.8.8.8,10.0.0.2,53.0,5344.0,17.0
8.8.8.8,10.0.0.2,53.0,5344.0,17.0
8.8.8.8,10.0.0.2,53.0,5344.0,17.0
8.8.8.8,10.0.0.2,53.0,5344.0,17.0
8.8.8.8,10.0.0.2,53.0,5344.0,17.0
8.8.8.8,10.0.0.2,53.0,5344.0,17.0
8.8.8.8,10.0.0.2,53.0,5344.0,17.0
8.8.8.8,10.0.0.2,53.0,5344.0,17.0
8.8.8.8,10.0.0.2,53.0,5344.0,17.0
8.8.8.8,10.0.0.2,53.0,5344.0,17.0
8.8.8.8,10.0.0.2,53.0,5344.0,17.0
8.8.8.8,10.0.0.2,53.0,5344.0,17.0
8.8.8.8,10.0.0.2,53.0,5344.0,17.0
8.8.8.8,10.0.0.2,53.0,5344.0,17.0
8.8.8.8,10.0.0.2,53.0,5344.0,17.0
8.8.8.8,10.0.0.2,53.0,5344.0,17.0
8.8.8.8,10.0.0.2,53.0,5344.0,17.0
8.8.8.8,10.0.0.2,53.0,5344.0,17.0
8.8.8.8,10.0.0.2,53.0,5344.0,17.0
8.8.8.8,10.0.0.2,53.0,5344.0,17.0
8.8.8.8,10.0.0.2,53.0,5344.0,17.0
8.8.8.8,10.0.0.2,53.0,5344.0,17.0
8.8.8.8,10.0.0.2,53.0,5344.0,17.0
8.8.8.8,10.0.0.2,53.0,5344.0,17.0
8.8.8.8,10.0.0.2,53.0,5344.0,17.0
8.8.8.8,10.0.0.2,53.0,5344.0,17.0
8.8.8.8,10.0.0.2,53.0,5344.0,17.0
8.8.8.8,10.0.0.2,53.0,5344.0,17.0
8.8.8.8,10.0.0.2,53.0,5344.0,17.0
8.8.8.8,10.0.0.2,53.0,5344.0,17.0
8.8.8.8,10.0.0.2,53.0,5344.0,17.0
8.8.8.8,10.0.0.2,53.0,5344.0,17.0
8.8.8.8,10.0.0.2,53.0,5344.0,17.0
8.8.8.8,10.0.0.2,53.0,5344.0,17.0
8.8.8.8,10.0.0.2,53.0,5344.0,17.0
8.8.8.8,10.0.0.2,53.0,5344.0,17.0
8.8.8.8,10.0.0.2,53.0,5344.0,17.0
8.8.8.8,10.0.0.2,53.0,5344.0,17.0
8.8.8.8,10.0.0.2,53.0,5344.0,17.0
8.8.8.8,10.0.0.2,53.0,5344.0,17.0
8.8.8.8,10.0.0.2,53.0,5344.0,17.0
8.8.8.8,10.0.0.2,53.0,5344.0,17.0
8.8.8.8,10.0.0.2,53.0,5344.0,17.0
8.8.8.8,10.0.0.2,53.0,5344.0,17.0
8.8.8.8,10.0.0.2,53.0,5344.0,17.0
8.8.8.8,10.0.0.2,53.0,5344.0,17.0
8.8.8.8,10.0.0.2,53.0,5344.0,17.0
8.8.8.8,10.0.0.2,53.0,5344.0,17.0
8.8.8.8,10.0.0.2,53.0,5344.0,17.0
8.8.8.8,10.0.0.2,53.0,5344.0,17.0
8.8.8.8,10.0.0.2,53.0,5344.0,17.0
8.8.8.8,10.0.0.2,53.0,5344.0,17.0
8.8.8.8,10.0.0.2,53.0,5344.0,17.0
8.8.8.8,10.0.0.2,53.0,5344.0,17.0
8.8.8.8,10.0.0.2,53.0,5344.0,17.0
8.8.8.8,10.0.0.2,53.0,5344.0,17.0
8.8.8.8,10.0.0.2,53.0,5344.0,17.0
8.8.8.8,10.0.0.2,53.0,5344.0,17.0
8.8.8.8,10.0.0.2,53.0,5344.0,17.0
8.8.8.8,10.0.0.2,53.0,5344.0,17.0
8.8.8.8,10.0.0.2,53.0,5344.0,17.0
8.8.8.8,10.0.0.2,53.0,5344.0,17.0
8.8.8.8,10.0.0.2,53.0,5344.0,17.0
8.8.8.8,10.0.0.2,53.0,5344.0,17.0
8.8.8.8,10.0.0.2,53.0,5344.0,17.0
8.8.8.8,10.0.0.2,53.0,5344.0,17.0
8.8.8.8,10.0.0.2,53.0,5344.0,17.0
8.8.8.8,10.0.0.2,53.0,5344.0,17.0
8.8.8.8,10.0.0.2,53.0,5344.0,17.0
8.8.8.8,10.0.0.2,53.0,5344.0,17.0
8.8.8.8,10.0.0.2,53.0,5344.0,17.0
8.8.8.8,10.0.0.2,53.0,5344.0,17.0
8.8.8.8,10.0.0.2,53.0,5344.0,17.0
8.8.8.8,10.0.0.2,53.0,5344.0,17.0
8.8.8.8,10.0.0.2,53.0,5344.0,17.0
8.8.8.8,10.0.0.2,53.0,5344.0,17.0
8.8.8.8,10.0.0.2,53.0,5344.0,17.0
8.8.8.8,10.0.0.2,53.0,5344.0,17.0
8.8.8.8,10.0.0.2,53.0,5344.0,17.0
8.8.8.8,10.0.0.2,53.0,5344.0,17.0
8.8.8.8,10.0.0.2,53.0,5344.0,17.0
8.8.8.8,10.0.0.2,53.0,5344.0,17.0
8.8.8.8,10.0.0.2,53.0,5344.0,17.0
8.8.8.8,10.0.0.2,53.0,5344.0,17.0
8.8.8.8,10.0.0.2,53.0,5344.0,17.0
8.8.8.8,10.0.0.2,53.0,5344.0,17.0
8.8.8.8,10.0.0.2,53.0,5344.0,17.0
8.8.8.8,10.0.0.2,53.0,5344.0,17.0
8.8.8.8,10.0.0.2,53.0,5344.0,17.0
8.8.8.8,10.0.0.2,53.0,5344.0,17.0
8.8.8.8,10.0.0.2,53.0,5344.0,17.0
8.8.8.8,10.0.0.2,53.0,5344.0,17.0
8.8.8.8,10.0.0.2,53.0,5344.0,17.0
8.8.8.8,10.0.0.2,53.0,5344.0,17.0
8.8.8.8,10.0.0.2,53.0,5344.0,17.0
8.8.8.8,10.0.0.2,53.0,5344.0,17.0
8.8.8.8,10.0.0.2,53.0,5344.0,17.0
8.8.8.8,10.0.0.2,53.0,5344.0,17.0
8.8.8.8,10.0.0.2,53.0,5344.0,17.0
8.8.8.8,10.0.0.2,53.0,5344.0,17.0
8.8.8.8,10.0.0.2,53.0,5344.0,17.0
8.8.8.8,10.0.0.2,53.0,5344.0,17.0
8.8.8.8,10.0.0.2,53.0,5344.0,17.0
8.8.8.8,10.0.0.2,53.0,5344.0,17.0
8.8.8.8,10.0.0.2,53.0,5344.0,17.0
8.8.8.8,10.0.0.2,53.0,5344.0,17.0
8.8.8.8,10.0.0.2,53.0,5344.0,17.0
8.8.8.8,10.0.0.2,53.0,5344.0,17.0
8.8.8.8,10.0.0.2,53.0,5344.0,17.0
8.8.8.8,10.0.0.2,53.0,5344.0,17.0
8.8.8.8,10.0.0.2,53.0,5344.0,17.0
8.8.8.8,10.0.0.2,53.0,5344.0,17.0
8.8.8.8,10.0.0.2,53.0,5344.0,17.0
8.8.8.8,10.0.0.2,53.0,5344.0,17.0
8.8.8.8,10.0.0.2,53.0,5344.0,17.0
8.8.8.8,10.0.0.2,53.0,5344.0,17.0
8.8.8.8,10.0.0.2,53.0,5344.0,17.0
8.8.8.8,10.0.0.2,53.0,5344.0,17.0
8.8.8.8,10.0.0.2,53.0,5344.0,17.0
8.8.8.8,10.0.0.2,53.0,5344.0,17.0
8.8.8.8,10.0.0.2,53.0,5344.0,17.0
8.8.8.8,10.0.0.2,53.0,5344.0,17.0
8.8.8.8,10.0.0.2,53.0,5344.0,17.0
8.8.8.8,10.0.0.2,53.0,5344.0,17.0
8.8.8.8,10.0.0.2,53.0,5344.0,17.0
8.8.8.8,10.0.0.2,53.0,5344.0,17.0
8.8.8.8,10.0.0.2,53.0,5344.0,17.0
8.8.8.8,10.0.0.2,53.0,5344.0,17.0
8.8.8.8,10.0.0.2,53.0,5344.0,17.0
8.8.8.8,10.0.0.2,53.0,5344.0,17.0
8.8.8.8,10.0.0.2,53.0,5344.0,17.0
8.8.8.8,10.0.0.2,53.0,5344.0,17.0
8.8.8.8,10.0.0.2,53.0,5344.0,17.0
8.8.8.8,10.0.0.2,53.0,5344.0,17.0
8.8.8.8,10.0.0.2,53.0,5344.0,17.0
8.8.8.8,10.0.0.2,53.0,5344.0,17.0
8.8.8.8,10.0.0.2,53.0,5344.0,17.0
8.8.8.8,10.0.0.2,53.0,5344.0,17.0
8.8.8.8,10.0.0.2,53.0,5344.0,17.0
8.8.8.8,10.0.0.2,53.0,5344.0,17.0
8.8.8.8,10.0.0.2,53.0,5344.0,17.0
8.8.8.8,10.0.0.2,53.0,5344.0,17.0
8.8.8.8,10.0.0.2,53.0,5344.0,17.0
8.8.8.8,10.0.0.2,53.0,5344.0,17.0
8.8.8.8,10.0.0.2,53.0,5344.0,17.0
8.8.8.8,10.0.0.2,53.0,5344.0,17.0
8.8.8.8,10.0.0.2,53.0,5344.0,17.0
8.8.8.8,10.0.0.2,53.0,5344.0,17.0
8.8.8.8,10.0.0.2,53.0,5344.0,17.0
8.8.8.8,10.0.0.2,53.0,5344.0,17.0
8.8.8.8,10.0.0.2,53.0,5344.0,17.0
8.8.8.8,10.0.0.2,53.0,5344.0,17.0
8.8.8.8,10.0.0.2,53.0,5344.0,17.0
8.8.8.8,10.0.0.2,53.0,5344.0,17.0
8.8.8.8,10.0.0.2,53.0,5344.0,17.0
8.8.8.8,10.0.0.2,53.0,5344.0,17.0
8.8.8.8,10.0.0.2,53.0,5344.0,17.0
8.8.8.8,10.0.0.2,53.0,5344.0,17.0
8.8.8.8,10.0.0.2,53.0,5344.0,17.0
8.8.8.8,10.0.0.2,53.0,5344.0,17.0
8.8.8.8,10.0.0.2,53.0,5344.0,17.0
8.8.8.8,10.0.0.2,53.0,5344.0,17.0
8.8.8.8,10.0.0.2,53.0,5344.0,17.0
8.8.8.8,10.0.0.2,53.0,5344.0,17.0
8.8.8.8,10.0.0.2,53.0,5344.0,17.0
8.8.8.8,10.0.0.2,53.0,5344.0,17.0
8.8.8.8,10.0.0.2,53.0,5344.0,17.0
8.8.8.8,10.0.0.2,53.0,5344.0,17.0
8.8.8.8,10.0.0.2,53.0,5344.0,17.0